{
    "颜文字": {
        "type": "emoticon",
        "container": [
            {
                "icon": "OωO",
                "text": "Author: DIYgod"
            },
            {
                "icon": "|´・ω・)ノ",
                "text": "Hi"
            },
            {
                "icon": "ヾ(≧∇≦*)ゝ",
                "text": "开心"
            },
            {
                "icon": "(☆ω☆)",
                "text": "星星眼"
            },
            {
                "icon": "（╯‵□′）╯︵┴─┴",
                "text": "掀桌"
            },
            {
                "icon": "￣﹃￣",
                "text": "流口水"
            },
            {
                "icon": "(/ω＼)",
                "text": "捂脸"
            },
            {
                "icon": "∠( ᐛ 」∠)＿",
                "text": "给跪"
            },
            {
                "icon": "(๑•̀ㅁ•́ฅ)",
                "text": "Hi"
            },
            {
                "icon": "→_→",
                "text": "斜眼"
            },
            {
                "icon": "୧(๑•̀⌄•́๑)૭",
                "text": "加油"
            },
            {
                "icon": "٩(ˊᗜˋ*)و",
                "text": "有木有WiFi"
            },
            {
                "icon": "(ノ°ο°)ノ",
                "text": "前方高能预警"
            },
            {
                "icon": "(´இ皿இ｀)",
                "text": "我从未见过如此厚颜无耻之人"
            },
            {
                "icon": "⌇●﹏●⌇",
                "text": "吓死宝宝惹"
            },
            {
                "icon": "(ฅ´ω`ฅ)",
                "text": "已阅留爪"
            },
            {
                "icon": "(╯°A°)╯︵○○○",
                "text": "去吧大师球"
            },
            {
                "icon": "φ(￣∇￣o)",
                "text": "太萌惹"
            },
            {
                "icon": "ヾ(´･ ･｀｡)ノ\"",
                "text": "咦咦咦"
            },
            {
                "icon": "( ง ᵒ̌皿ᵒ̌)ง⁼³₌₃",
                "text": "气呼呼"
            },
            {
                "icon": "(ó﹏ò｡)",
                "text": "我受到了惊吓"
            },
            {
                "icon": "Σ(っ °Д °;)っ",
                "text": "什么鬼"
            },
            {
                "icon": "( ,,´･ω･)ﾉ\"(´っω･｀｡)",
                "text": "摸摸头"
            },
            {
                "icon": "╮(╯▽╰)╭ ",
                "text": "无奈"
            },
            {
                "icon": "o(*////▽////*)q ",
                "text": "脸红"
            },
            {
                "icon": "＞﹏＜",
                "text": ""
            },
            {
                "icon": "( ๑´•ω•) \"(ㆆᴗㆆ)",
                "text": ""
            }
        ]
    },
    "Emoji": {
        "type": "emoji",
        "container": [
            {
                "icon": "😂",
                "text": ""
            },
            {
                "icon": "😀",
                "text": ""
            },
            {
                "icon": "😅",
                "text": ""
            },
            {
                "icon": "😊",
                "text": ""
            },
            {
                "icon": "🙂",
                "text": ""
            },
            {
                "icon": "🙃",
                "text": ""
            },
            {
                "icon": "😌",
                "text": ""
            },
            {
                "icon": "😍",
                "text": ""
            },
            {
                "icon": "😘 ",
                "text": ""
            },
            {
                "icon": "😜",
                "text": ""
            },
            {
                "icon": "😝",
                "text": ""
            },
            {
                "icon": "😏",
                "text": ""
            },
            {
                "icon": "😒",
                "text": ""
            },
            {
                "icon": "🙄",
                "text": ""
            },
            {
                "icon": "😳 ",
                "text": ""
            },
            {
                "icon": "😡",
                "text": ""
            },
            {
                "icon": "😔",
                "text": ""
            },
            {
                "icon": "😫",
                "text": ""
            },
            {
                "icon": "😱",
                "text": ""
            },
            {
                "icon": "😭",
                "text": ""
            },
            {
                "icon": "💩",
                "text": ""
            },
            {
                "icon": "👻",
                "text": ""
            },
            {
                "icon": "🙌",
                "text": ""
            },
            {
                "icon": "🖕",
                "text": ""
            },
            {
                "icon": "👍",
                "text": ""
            },
            {
                "icon": "👫",
                "text": ""
            },
            {
                "icon": "👬",
                "text": ""
            },
            {
                "icon": "👭",
                "text": ""
            },
            {
                "icon": "🌚",
                "text": ""
            },
            {
                "icon": "🌝",
                "text": ""
            },
            {
                "icon": "🙈",
                "text": ""
            },
            {
                "icon": "💊",
                "text": ""
            },
            {
                "icon": "😶",
                "text": ""
            },
            {
                "icon": "🙏",
                "text": ""
            },
            {
                "icon": "🍦",
                "text": ""
            },
            {
                "icon": "🍉",
                "text": ""
            },
            {
                "icon": "😣",
                "text": ""
            }
        ]
    },
    
    "阿鲁表情": {"type": "image","container": [
        {"icon": "<img src=\"/wp-content/themes/rnmaterial/img/OwO/alu/1.png\" alt=\"暗地观察\">","text": "暗地观察"},
        {"icon": "<img src=\"/wp-content/themes/rnmaterial/img/OwO/alu/2.png\" alt=\"便便\">","text": "便便"},
        {"icon": "<img src=\"/wp-content/themes/rnmaterial/img/OwO/alu/3.png\" alt=\"不出所料\">","text": "不出所料"},
        {"icon": "<img src=\"/wp-content/themes/rnmaterial/img/OwO/alu/4.png\" alt=\"不高兴\">","text": "不高兴"},
        {"icon": "<img src=\"/wp-content/themes/rnmaterial/img/OwO/alu/5.png\" alt=\"不说话\">","text": "不说话"},
        {"icon": "<img src=\"/wp-content/themes/rnmaterial/img/OwO/alu/6.png\" alt=\"抽烟\">","text": "抽烟"},
        {"icon": "<img src=\"/wp-content/themes/rnmaterial/img/OwO/alu/7.png\" alt=\"呲牙\">","text": "呲牙"},
        {"icon": "<img src=\"/wp-content/themes/rnmaterial/img/OwO/alu/8.png\" alt=\"大囧\">","text": "大囧"},
        {"icon": "<img src=\"/wp-content/themes/rnmaterial/img/OwO/alu/9.png\" alt=\"得意\">","text": "得意"},
        {"icon": "<img src=\"/wp-content/themes/rnmaterial/img/OwO/alu/10.png\" alt=\"愤怒\">","text": "愤怒"},
        {"icon": "<img src=\"/wp-content/themes/rnmaterial/img/OwO/alu/11.png\" alt=\"尴尬\">","text": "尴尬"},
        {"icon": "<img src=\"/wp-content/themes/rnmaterial/img/OwO/alu/12.png\" alt=\"高兴\">","text": "高兴"},
        {"icon": "<img src=\"/wp-content/themes/rnmaterial/img/OwO/alu/13.png\" alt=\"鼓掌\">","text": "鼓掌"},
        {"icon": "<img src=\"/wp-content/themes/rnmaterial/img/OwO/alu/14.png\" alt=\"观察\">","text": "观察"},
        {"icon": "<img src=\"/wp-content/themes/rnmaterial/img/OwO/alu/15.png\" alt=\"害羞\">","text": "害羞"},
        {"icon": "<img src=\"/wp-content/themes/rnmaterial/img/OwO/alu/16.png\" alt=\"汗\">","text": "汗"},
        {"icon": "<img src=\"/wp-content/themes/rnmaterial/img/OwO/alu/17.png\" alt=\"黑线\">","text": "黑线"},
        {"icon": "<img src=\"/wp-content/themes/rnmaterial/img/OwO/alu/18.png\" alt=\"欢呼\">","text": "欢呼"},
        {"icon": "<img src=\"/wp-content/themes/rnmaterial/img/OwO/alu/19.png\" alt=\"击掌\">","text": "击掌"},
        {"icon": "<img src=\"/wp-content/themes/rnmaterial/img/OwO/alu/20.png\" alt=\"惊喜\">","text": "惊喜"},
        {"icon": "<img src=\"/wp-content/themes/rnmaterial/img/OwO/alu/21.png\" alt=\"看不见\">","text": "看不见"},
        {"icon": "<img src=\"/wp-content/themes/rnmaterial/img/OwO/alu/22.png\" alt=\"看热闹\">","text": "看热闹"},
        {"icon": "<img src=\"/wp-content/themes/rnmaterial/img/OwO/alu/23.png\" alt=\"抠鼻\">","text": "抠鼻"},
        {"icon": "<img src=\"/wp-content/themes/rnmaterial/img/OwO/alu/24.png\" alt=\"口水\">","text": "口水"},
        {"icon": "<img src=\"/wp-content/themes/rnmaterial/img/OwO/alu/25.png\" alt=\"哭泣\">","text": "哭泣"},
        {"icon": "<img src=\"/wp-content/themes/rnmaterial/img/OwO/alu/26.png\" alt=\"狂汗\">","text": "狂汗"},
        {"icon": "<img src=\"/wp-content/themes/rnmaterial/img/OwO/alu/27.png\" alt=\"蜡烛\">","text": "蜡烛"},
        {"icon": "<img src=\"/wp-content/themes/rnmaterial/img/OwO/alu/28.png\" alt=\"脸红\">","text": "脸红"},
        {"icon": "<img src=\"/wp-content/themes/rnmaterial/img/OwO/alu/29.png\" alt=\"内伤\">","text": "内伤"},
        {"icon": "<img src=\"/wp-content/themes/rnmaterial/img/OwO/alu/30.png\" alt=\"喷水\">","text": "喷水"},
        {"icon": "<img src=\"/wp-content/themes/rnmaterial/img/OwO/alu/31.png\" alt=\"喷血\">","text": "喷血"},
        {"icon": "<img src=\"/wp-content/themes/rnmaterial/img/OwO/alu/32.png\" alt=\"期待\">","text": "期待"},
        {"icon": "<img src=\"/wp-content/themes/rnmaterial/img/OwO/alu/33.png\" alt=\"亲亲\">","text": "亲亲"},
        {"icon": "<img src=\"/wp-content/themes/rnmaterial/img/OwO/alu/34.png\" alt=\"傻笑\">","text": "傻笑"},
        {"icon": "<img src=\"/wp-content/themes/rnmaterial/img/OwO/alu/35.png\" alt=\"扇耳光\">","text": "扇耳光"},
        {"icon": "<img src=\"/wp-content/themes/rnmaterial/img/OwO/alu/36.png\" alt=\"深思\">","text": "深思"},
        {"icon": "<img src=\"/wp-content/themes/rnmaterial/img/OwO/alu/37.png\" alt=\"锁眉\">","text": "锁眉"},
        {"icon": "<img src=\"/wp-content/themes/rnmaterial/img/OwO/alu/38.png\" alt=\"投降\">","text": "投降"},
        {"icon": "<img src=\"/wp-content/themes/rnmaterial/img/OwO/alu/39.png\" alt=\"吐\">","text": "吐"},
        {"icon": "<img src=\"/wp-content/themes/rnmaterial/img/OwO/alu/40.png\" alt=\"吐舌\">","text": "吐舌"},
        {"icon": "<img src=\"/wp-content/themes/rnmaterial/img/OwO/alu/41.png\" alt=\"吐血倒地\">","text": "吐血倒地"},
        {"icon": "<img src=\"/wp-content/themes/rnmaterial/img/OwO/alu/42.png\" alt=\"无奈\">","text": "无奈"},
        {"icon": "<img src=\"/wp-content/themes/rnmaterial/img/OwO/alu/43.png\" alt=\"无所谓\">","text": "无所谓"},
        {"icon": "<img src=\"/wp-content/themes/rnmaterial/img/OwO/alu/44.png\" alt=\"无语\">","text": "无语"},
        {"icon": "<img src=\"/wp-content/themes/rnmaterial/img/OwO/alu/45.png\" alt=\"喜极而泣\">","text": "喜极而泣"},
        {"icon": "<img src=\"/wp-content/themes/rnmaterial/img/OwO/alu/46.png\" alt=\"献花\">","text": "献花"},
        {"icon": "<img src=\"/wp-content/themes/rnmaterial/img/OwO/alu/47.png\" alt=\"献黄瓜\">","text": "献黄瓜"},
        {"icon": "<img src=\"/wp-content/themes/rnmaterial/img/OwO/alu/48.png\" alt=\"想一想\">","text": "想一想"},
        {"icon": "<img src=\"/wp-content/themes/rnmaterial/img/OwO/alu/49.png\" alt=\"小怒\">","text": "小怒"},
        {"icon": "<img src=\"/wp-content/themes/rnmaterial/img/OwO/alu/50.png\" alt=\"小眼睛\">","text": "小眼睛"},
        {"icon": "<img src=\"/wp-content/themes/rnmaterial/img/OwO/alu/51.png\" alt=\"邪恶\">","text": "邪恶"},
        {"icon": "<img src=\"/wp-content/themes/rnmaterial/img/OwO/alu/52.png\" alt=\"咽气\">","text": "咽气"},
        {"icon": "<img src=\"/wp-content/themes/rnmaterial/img/OwO/alu/53.png\" alt=\"阴暗\">","text": "阴暗"},
        {"icon": "<img src=\"/wp-content/themes/rnmaterial/img/OwO/alu/54.png\" alt=\"赞一个\">","text": "赞一个"},
        {"icon": "<img src=\"/wp-content/themes/rnmaterial/img/OwO/alu/55.png\" alt=\"长草\">","text": "长草"},
        {"icon": "<img src=\"/wp-content/themes/rnmaterial/img/OwO/alu/56.png\" alt=\"中刀\">","text": "中刀"},
        {"icon": "<img src=\"/wp-content/themes/rnmaterial/img/OwO/alu/57.png\" alt=\"中枪\">","text": "中枪"},
        {"icon": "<img src=\"/wp-content/themes/rnmaterial/img/OwO/alu/58.png\" alt=\"中指\">","text": "中指"},
        {"icon": "<img src=\"/wp-content/themes/rnmaterial/img/OwO/alu/59.png\" alt=\"肿包\">","text": "肿包"},
        {"icon": "<img src=\"/wp-content/themes/rnmaterial/img/OwO/alu/60.png\" alt=\"皱眉\">","text": "皱眉"},
        {"icon": "<img src=\"/wp-content/themes/rnmaterial/img/OwO/alu/61.png\" alt=\"装大款\">","text": "装大款"},
        {"icon": "<img src=\"/wp-content/themes/rnmaterial/img/OwO/alu/62.png\" alt=\"坐等\">","text": "坐等"}
    ]},
"泡泡表情": {"type": "image","container": [
    {"icon": "<img src=\"/wp-content/themes/rnmaterial/img/OwO/paopao/1.png\" alt=\"啊\">","text": "啊"},
    {"icon": "<img src=\"/wp-content/themes/rnmaterial/img/OwO/paopao/2.png\" alt=\"爱心\">","text": "爱心"},
    {"icon": "<img src=\"/wp-content/themes/rnmaterial/img/OwO/paopao/3.png\" alt=\"鄙视\">","text": "鄙视"},
    {"icon": "<img src=\"/wp-content/themes/rnmaterial/img/OwO/paopao/4.png\" alt=\"便便\">","text": "便便"},
    {"icon": "<img src=\"/wp-content/themes/rnmaterial/img/OwO/paopao/5.png\" alt=\"不高兴\">","text": "不高兴"},
    {"icon": "<img src=\"/wp-content/themes/rnmaterial/img/OwO/paopao/6.png\" alt=\"彩虹\">","text": "彩虹"},
    {"icon": "<img src=\"/wp-content/themes/rnmaterial/img/OwO/paopao/7.png\" alt=\"茶杯\">","text": "茶杯"},
    {"icon": "<img src=\"/wp-content/themes/rnmaterial/img/OwO/paopao/8.png\" alt=\"吃瓜\">","text": "吃瓜"},
    {"icon": "<img src=\"/wp-content/themes/rnmaterial/img/OwO/paopao/9.png\" alt=\"吃翔\">","text": "吃翔"},
    {"icon": "<img src=\"/wp-content/themes/rnmaterial/img/OwO/paopao/10.png\" alt=\"大拇指\">","text": "大拇指"},
    {"icon": "<img src=\"/wp-content/themes/rnmaterial/img/OwO/paopao/11.png\" alt=\"蛋糕\">","text": "蛋糕"},
    {"icon": "<img src=\"/wp-content/themes/rnmaterial/img/OwO/paopao/12.png\" alt=\"嘚瑟\">","text": "嘚瑟"},
    {"icon": "<img src=\"/wp-content/themes/rnmaterial/img/OwO/paopao/13.png\" alt=\"灯泡\">","text": "灯泡"},
    {"icon": "<img src=\"/wp-content/themes/rnmaterial/img/OwO/paopao/14.png\" alt=\"乖\">","text": "乖"},
    {"icon": "<img src=\"/wp-content/themes/rnmaterial/img/OwO/paopao/15.png\" alt=\"哈哈\">","text": "哈哈"},
    {"icon": "<img src=\"/wp-content/themes/rnmaterial/img/OwO/paopao/16.png\" alt=\"汗\">","text": "汗"},
    {"icon": "<img src=\"/wp-content/themes/rnmaterial/img/OwO/paopao/17.png\" alt=\"呵呵\">","text": "呵呵"},
    {"icon": "<img src=\"/wp-content/themes/rnmaterial/img/OwO/paopao/18.png\" alt=\"黑线\">","text": "黑线"},
    {"icon": "<img src=\"/wp-content/themes/rnmaterial/img/OwO/paopao/19.png\" alt=\"红领巾\">","text": "红领巾"},
    {"icon": "<img src=\"/wp-content/themes/rnmaterial/img/OwO/paopao/20.png\" alt=\"呼\">","text": "呼"},
    {"icon": "<img src=\"/wp-content/themes/rnmaterial/img/OwO/paopao/21.png\" alt=\"花心\">","text": "花心"},
    {"icon": "<img src=\"/wp-content/themes/rnmaterial/img/OwO/paopao/22.png\" alt=\"滑稽\">","text": "滑稽"},
    {"icon": "<img src=\"/wp-content/themes/rnmaterial/img/OwO/paopao/23.png\" alt=\"惊恐\">","text": "惊恐"},
    {"icon": "<img src=\"/wp-content/themes/rnmaterial/img/OwO/paopao/24.png\" alt=\"惊哭\">","text": "惊哭"},
    {"icon": "<img src=\"/wp-content/themes/rnmaterial/img/OwO/paopao/25.png\" alt=\"惊讶\">","text": "惊讶"},
    {"icon": "<img src=\"/wp-content/themes/rnmaterial/img/OwO/paopao/26.png\" alt=\"开心\">","text": "开心"},
    {"icon": "<img src=\"/wp-content/themes/rnmaterial/img/OwO/paopao/27.png\" alt=\"酷\">","text": "酷"},
    {"icon": "<img src=\"/wp-content/themes/rnmaterial/img/OwO/paopao/28.png\" alt=\"狂汗\">","text": "狂汗"},
    {"icon": "<img src=\"/wp-content/themes/rnmaterial/img/OwO/paopao/29.png\" alt=\"蜡烛\">","text": "蜡烛"},
    {"icon": "<img src=\"/wp-content/themes/rnmaterial/img/OwO/paopao/30.png\" alt=\"懒得理\">","text": "懒得理"},
    {"icon": "<img src=\"/wp-content/themes/rnmaterial/img/OwO/paopao/31.png\" alt=\"泪\">","text": "泪"},
    {"icon": "<img src=\"/wp-content/themes/rnmaterial/img/OwO/paopao/32.png\" alt=\"冷\">","text": "冷"},
    {"icon": "<img src=\"/wp-content/themes/rnmaterial/img/OwO/paopao/33.png\" alt=\"礼物\">","text": "礼物"},
    {"icon": "<img src=\"/wp-content/themes/rnmaterial/img/OwO/paopao/34.png\" alt=\"玫瑰\">","text": "玫瑰"},
    {"icon": "<img src=\"/wp-content/themes/rnmaterial/img/OwO/paopao/35.png\" alt=\"勉强\">","text": "勉强"},
    {"icon": "<img src=\"/wp-content/themes/rnmaterial/img/OwO/paopao/36.png\" alt=\"你懂的\">","text": "你懂的"},
    {"icon": "<img src=\"/wp-content/themes/rnmaterial/img/OwO/paopao/37.png\" alt=\"怒\">","text": "怒"},
    {"icon": "<img src=\"/wp-content/themes/rnmaterial/img/OwO/paopao/38.png\" alt=\"喷\">","text": "喷"},
    {"icon": "<img src=\"/wp-content/themes/rnmaterial/img/OwO/paopao/39.png\" alt=\"钱\">","text": "钱"},
    {"icon": "<img src=\"/wp-content/themes/rnmaterial/img/OwO/paopao/40.png\" alt=\"钱币\">","text": "钱币"},
    {"icon": "<img src=\"/wp-content/themes/rnmaterial/img/OwO/paopao/41.png\" alt=\"弱\">","text": "弱"},
    {"icon": "<img src=\"/wp-content/themes/rnmaterial/img/OwO/paopao/42.png\" alt=\"三道杠\">","text": "三道杠"},
    {"icon": "<img src=\"/wp-content/themes/rnmaterial/img/OwO/paopao/43.png\" alt=\"沙发\">","text": "沙发"},
    {"icon": "<img src=\"/wp-content/themes/rnmaterial/img/OwO/paopao/44.png\" alt=\"生气\">","text": "生气"},
    {"icon": "<img src=\"/wp-content/themes/rnmaterial/img/OwO/paopao/45.png\" alt=\"胜利\">","text": "胜利"},
    {"icon": "<img src=\"/wp-content/themes/rnmaterial/img/OwO/paopao/46.png\" alt=\"手纸\">","text": "手纸"},
    {"icon": "<img src=\"/wp-content/themes/rnmaterial/img/OwO/paopao/47.png\" alt=\"睡觉\">","text": "睡觉"},
    {"icon": "<img src=\"/wp-content/themes/rnmaterial/img/OwO/paopao/48.png\" alt=\"酸爽\">","text": "酸爽"},
    {"icon": "<img src=\"/wp-content/themes/rnmaterial/img/OwO/paopao/49.png\" alt=\"太开心\">","text": "太开心"},
    {"icon": "<img src=\"/wp-content/themes/rnmaterial/img/OwO/paopao/50.png\" alt=\"太阳\">","text": "太阳"},
    {"icon": "<img src=\"/wp-content/themes/rnmaterial/img/OwO/paopao/51.png\" alt=\"吐\">","text": "吐"},
    {"icon": "<img src=\"/wp-content/themes/rnmaterial/img/OwO/paopao/52.png\" alt=\"吐舌\">","text": "吐舌"},
    {"icon": "<img src=\"/wp-content/themes/rnmaterial/img/OwO/paopao/53.png\" alt=\"挖鼻\">","text": "挖鼻"},
    {"icon": "<img src=\"/wp-content/themes/rnmaterial/img/OwO/paopao/54.png\" alt=\"委屈\">","text": "委屈"},
    {"icon": "<img src=\"/wp-content/themes/rnmaterial/img/OwO/paopao/55.png\" alt=\"捂嘴笑\">","text": "捂嘴笑"},
    {"icon": "<img src=\"/wp-content/themes/rnmaterial/img/OwO/paopao/56.png\" alt=\"犀利\">","text": "犀利"},
    {"icon": "<img src=\"/wp-content/themes/rnmaterial/img/OwO/paopao/57.png\" alt=\"香蕉\">","text": "香蕉"},
    {"icon": "<img src=\"/wp-content/themes/rnmaterial/img/OwO/paopao/58.png\" alt=\"小乖\">","text": "小乖"},
    {"icon": "<img src=\"/wp-content/themes/rnmaterial/img/OwO/paopao/59.png\" alt=\"小红脸\">","text": "小红脸"},
    {"icon": "<img src=\"/wp-content/themes/rnmaterial/img/OwO/paopao/60.png\" alt=\"笑尿\">","text": "笑尿"},
    {"icon": "<img src=\"/wp-content/themes/rnmaterial/img/OwO/paopao/61.png\" alt=\"笑眼\">","text": "笑眼"},
    {"icon": "<img src=\"/wp-content/themes/rnmaterial/img/OwO/paopao/62.png\" alt=\"心碎\">","text": "心碎"},
    {"icon": "<img src=\"/wp-content/themes/rnmaterial/img/OwO/paopao/63.png\" alt=\"星星月亮\">","text": "星星月亮"},
    {"icon": "<img src=\"/wp-content/themes/rnmaterial/img/OwO/paopao/64.png\" alt=\"呀咩爹\">","text": "呀咩爹"},
    {"icon": "<img src=\"/wp-content/themes/rnmaterial/img/OwO/paopao/65.png\" alt=\"药丸\">","text": "药丸"},
    {"icon": "<img src=\"/wp-content/themes/rnmaterial/img/OwO/paopao/66.png\" alt=\"咦\">","text": "咦"},
    {"icon": "<img src=\"/wp-content/themes/rnmaterial/img/OwO/paopao/67.png\" alt=\"疑问\">","text": "疑问"},
    {"icon": "<img src=\"/wp-content/themes/rnmaterial/img/OwO/paopao/68.png\" alt=\"阴险\">","text": "阴险"},
    {"icon": "<img src=\"/wp-content/themes/rnmaterial/img/OwO/paopao/69.png\" alt=\"音乐\">","text": "音乐"},
    {"icon": "<img src=\"/wp-content/themes/rnmaterial/img/OwO/paopao/70.png\" alt=\"真棒\">","text": "真棒"},
    {"icon": "<img src=\"/wp-content/themes/rnmaterial/img/OwO/paopao/nico.png\" alt=\"nico\">","text": "nico"},
    {"icon": "<img src=\"/wp-content/themes/rnmaterial/img/OwO/paopao/OK.png\" alt=\"OK\">","text": "OK"},
    {"icon": "<img src=\"/wp-content/themes/rnmaterial/img/OwO/paopao/what.png\" alt=\"what\">","text": "what"},
    {"icon": "<img src=\"/wp-content/themes/rnmaterial/img/OwO/paopao/doge.png\" alt=\"doge\">","text": "doge"},
    {"icon": "<img src=\"/wp-content/themes/rnmaterial/img/OwO/paopao/ylt.png\" alt=\"原谅她\">","text": "原谅她"}
]}
}